State,1993Q1,1993Q2,1993Q3,1993Q4,1994Q1,1994Q2,1994Q3,1994Q4,1995Q1,1995Q2,1995Q3,1995Q4,1996Q1,1996Q2,1996Q3,1996Q4,1997Q1,1997Q2,1997Q3,1997Q4,1998Q1,1998Q2,1998Q3,1998Q4,1999Q1,1999Q2,1999Q3,1999Q4,2000Q1,2000Q2,2000Q3,2000Q4,2001Q1,2001Q2,2001Q3,2001Q4,2002Q1,2002Q2,2002Q3,2002Q4,2003Q1,2003Q2,2003Q3,2003Q4,2004Q1,2004Q2,2004Q3,2004Q4,2005Q1,2005Q2,2005Q3,2005Q4,2006Q1,2006Q2,2006Q3,2006Q4,2007Q1,2007Q2,2007Q3,2007Q4,2008Q1,2008Q2,2008Q3,2008Q4,2009Q1,2009Q2,2009Q3,2009Q4,2010Q1,2010Q2,2010Q3,2010Q4,2011Q1,2011Q2,2011Q3,2011Q4,2012Q1,2012Q2,2012Q3,2012Q4,2013Q1,2013Q2,2013Q3AK,514,429,464,558,499,599,782,747,631,692,681,755,622,682,633,680,641,685,683,756,735,825,783,737,726,736,730,715,647,1571,1363,558,12,766,199,349,10,490,10,693,679,693.5,738,689,623,699,771.5,736,483,609.5,503,700,564,823,850,807.5,738,821,974.5,696,575,651.5,781,612,625,557,690.5,551,524,592,562,559,591,592,496,536.5,656,554,619,600,618,572,592.5AL,577,645,611,648.5,597,588,607,629,639.5,592,594.5,572,531,484,553,521,579,598.5,577.5,567,655,661.5,585,638.5,627,643,636.5,657,678,670,697.5,638.5,669,635,680,641,644,652,678,629,629,582,581.5,599,636,621,618,593,614,596,635,625,671,690,694,706,738.5,736,750,749,774,779,920,744,754,683,788,769.5,726,744.5,831,750,833.5,882,939,967.5,956,1041.5,1012,882,1002,1032.5,1114AR,462,536,574,608,615,569.5,591,723,575,533,506,551,487,560,519,563,532,570,596,494,545,569,587,558,568,617,601,623,583,603,627,545,580,635,617,536.5,591,637,646,590,630,585,576,580,597,607,603,582,607,598,626,630.5,674,714,697,692.5,701,696,737.5,698,777,753,804.5,756,638,659,704,679.5,692,681,755,719.5,776,811,867,901.5,894,994,925,860,903,958,936AZ,369,410,409.5,393,413,374,408,389.5,395,296,465.5,312,343,360,423,417,395.5,333,390,330,354,335,359,384,369,326,337.5,397,412,385,380,402.5,418.5,399,388,399,400,384,362,414,410,425,421,437,421,449,483,444,494,514,503.5,432,429,444,437,407,406,456,463,427,402,504.5,611,513,436,447,445,454,441,450,469,448,484,556,552,544.5,485.5,603,608,505,440,538,598CA,279,279,337,302,334,290,287,251,288,264,267,326,243,302,325,323,296,278,293,329,299,302,313,317,336,336,317,359,336,340,350,367,368,366,385,374,343,365,357,354,330,357,352,343,344,393,399,372,383,384,398,361,368,401,402,364,332,397,429,392,382,457,570,502,395,432,455,475,399,449,478,421,455,546,546,532,425,550,545,434,407,507,580CO,482,538.5,587.5,564,537,546,477,494,531,560.5,549,505,494,487,497,501,488,511,248.5,226,522,535.5,564,557.5,573,560,580,583,566,581,610.5,566,573,581,607,561,546,541,523,479,483,523,543,581,586.5,564,588,606,580,593,613,513,576,593,615,575,583,636,644,617.5,637,662,765,664,582,554,601,617,610,601.5,616,640,696,729,720,720,720,760.5,780,736,737,776,819CT,570,581,578,597,556.5,589,637.5,597,610,609.5,586,604,575.5,579,565,544,544.5,585,619,554,560,585,604,572,597,595,557,605.5,607,674,642,614,614.5,646,697,626,577,669,634.5,638,651,641,624,627,634,641,638,588,613.5,633,643,635.5,694,723.5,719,662,595,675,727,724.5,710,700.5,910,741,622.5,612.5,744.5,786.5,670.5,743,837,774,809,864,880,885,864,1068,971,896.5,907,952,1060DE,,,,,,,,,,,,,,,,,,,,,,,,,,,,,,,,,,,,,,,,,,,,,,,,,,,,,,,,,286,,1103,,,,,,,,,,,,,,,,,,,,,,,,FL,572,568,574,596,599,594,589,602,604,591,550,550,539,489,525,473,527,568,585.5,561,590,595,591.5,579,631,620,614,607,632,641,640,624,662,625,673,589.5,603,611,616,568,651.5,632,635,629.5,639,646.5,655,605,640,647,669,651,682,724,714,670,655,703,753,717.5,721,744,881,765,653,673,749,743,712.5,759.5,819.5,799,887,944,898,953,925.5,1021,987.5,861.5,820,933.5,1027GA,568,567.5,487,594,553,424,0,578.5,99,12,0,0,221.5,340,315,286,188,536,460.5,476,587,570,569,571,630.5,620,516,611,624,551,512,576,618,587,604,523,471,521.5,536.5,535,484,571,594,591,602,609,638,564,570,624,630,607,575,626,667,644,734,752,764,710,711,733,744,733,733,722,730,750,736,736,781.5,812,856,900,821,883.5,853,963,962,877.5,880,915,1004IA,594,554.5,615,610,598,585,578,653,648,613,610,578,579,557,547,592,547,539,602,528,622,620,628.5,583.5,629,696,616,654.5,653.5,672.5,675,668,623,630,663.5,610,622.5,654,662.5,664,634,630,625,640,620,648,642.5,641,637,656,666,662,673.5,701,729,691,672,732,792,715,714,685,822,800,661,665.5,717,695,694.5,667.5,719.5,689,739,822.5,816,832.5,871,961,900.5,911,842,900,901ID,452,492,374,362.5,408,405,493,503.5,450,508,500,481,481,423,423,436,433,491,491,513,493.5,464,528,474,412,434.5,422,422,422,510,511,438,428.5,471,529,453,440.5,498,519,489,492,524,527,513,507,527,543,553.5,543,534.5,532,538,549,595,590,587.5,587,619,584,614,607,614,651,588,458,483,460,505,535,534,565,530,557,607.5,645,581.5,630,650,694,655.5,510,515.5,504.5IL,608,597,589,610.5,593,593,561,582,601,584,601,592,548.5,548,551,582,546,563,566,565.5,559,580,595,566,563,588,582,579,602,637.5,628,602,622,643,635,566,551,592.5,595,593.5,567,610,630,612,599,625,634,585,610,624,657,611,637,697,698,637,640,679,705,647,680.5,710.5,778,706,635,655,682,707,669,654.5,679,709,721,763,701,779,760,832,835,770,781.5,831,907IN,594,602,590,651,590,596,602.5,606,601,610,594.5,585,557,524.5,557,559,518.5,554,596,558,570,577,590,579,609,618,605.5,610.5,621,638,632,609,631,654,656,608,595,619,670,615.5,601,604,595,592,579.5,612,617,572,605,614.5,631,616,640,688.5,696,681,641,691,718,674,667,723.5,847,842,653,667.5,744,743.5,710.5,744,782,728.5,770,850,881,850,895,957,998.5,890,901,928,986KS,562,530,647.5,596.5,541,576,626,569,502,574.5,601,574,553,557,560,591,441,509,550,624,578,636,643,599.5,614,652,668,641,578,689,706.5,627,644,627,666,600.5,571,588,576.5,586,620,592.5,581,590,586.5,578,621,610,611,586.5,648.5,630,663,701,676,668,669,680,727,730,759.5,737,873.5,837.5,772,649,693.5,776,699,635,723,666,725,791,811,893,811,839.5,915.5,796.5,878,882,1020KY,544.5,558,509,563.5,524,541,12,557,12,6,0,0,6,0,153.5,0,0,527,533,531,574,565,594,585,612,632,590,566,578.5,563,550,554,582,578,611.5,537.5,526,570,563,555,548.5,589,563.5,566,578,577,585,546,564,599,601,559,545,610,639,615,644,706,723,688,713,734,734,734,662,695,729,737,672,706,752.5,739,755,839,811,848,862,936,894,827,857.5,927.5,937LA,671,572,550,565.5,582,552,584,572.5,627,613.5,502,565.5,589.5,483.5,524,485.5,547.5,578,536,544,591.5,611,592,573,645,615,609.5,641,649,650,634,625,638.5,623,671,617,615,570.5,604,583,636,585,580,584,587,617,602,562,604,595,640,625,676.5,702,712,695,693,724,755,716,747,768,893,765,698,703,755.5,761,705,793,784.5,785,758,911,815,955,910,1025,1026.5,844,906,960.5,1044MA,546.5,560,555.5,584.5,536,560,605,595,581,550,572,573,574,558,548,571,544,566.5,586,573.5,547,572.5,587,591,593.5,566,535,549,569,602,601,600,580,604,641,572,557.5,576,589,564,603,620,624,617.5,595,626,631,567,598,629,650,634,651,693,702,664,641.5,692,737,716.5,694,744,874,756,586.5,635.5,731,757,690,738,798,773,776,852,856,931,806,944,966.5,843,759,897,1026MD,635,637,631,634,598,634,601,631,631,626,626,608,602,599.5,595,582,563.5,636.5,638,593,629,645,667,646.5,629,657,623,647,673.5,675.5,708,705,707,677,738,648,599.5,711,711,699,606,674,645,628,646,655,653,638,638,643,660,664.5,656,748.5,741,654,640,724.5,751,714,720.5,792,923,843,674.5,692,755,817.5,784.5,821,873,858.5,866,935,899,959,943,1037,1000,937,907.5,950,972ME,690,623,621,621,592,534,692,604,621,829,600,581,538,518,523,12,532.5,533,574,594,533,678,593,594,584,723,652.5,638.5,642,680,673,614,635,697,627,601,574.5,618.5,597,532,619,628,581,624.5,633.5,656.5,643,592,636,588,665,640,664,711,769,720.5,697,758,852,767.5,720.5,914,946.5,869,869,889,971,767,736,949.5,861.5,825,905,997.5,1022.5,1012,965,1119,1006,808.5,849,1101,1271.5MI,598,582.5,599,601,585,587.5,601,598,580,589,588,584,563,549,544,543,529,558,577,550,555,572,612,555,594,602,612,574,592,626,630,652,616,617.5,659,646,639,644,684,646,629,644.5,639,638,631,633,661,618,642.5,645,653,634.5,644,678,683,672,670,690.5,722,691,713,694,779.5,735,656,677.5,705,731,695,710,722,779.5,778,877.5,800.5,871,856.5,956,970,898,904,921,997MN,468,502,556,583,532,561,606,606,405,580.5,592,582,533,553,568.5,558,530,541,612.5,577,550,605,618,564,560,620,621.5,578.5,577,630,630,633,584,604,657,626,629,660,664,655,651,673,662,691,648,615,665.5,664,693,646,653.5,611.5,663,697,686,678.5,686,687,706,688,697,674,774,712,719,638.5,669,678,640,636,690.5,786,764,868,801,849,809.5,885.5,919,850,879,883,927MO,496,543,555,583,521,557,519,545,492,522,446,536,522,510.5,0,261,484,299,456.5,468,544,589,616,573,605,628,623.5,613,610,620,630,631,629.5,645,668,607,571,622,625,561,590,610,610.5,596,603,606,621,591,612,618,648,647.5,641,679,688,641,661,690,710,687,685,714,805,751.5,582,626,692,707,708.5,682,702,696,729,782,789,787,811,861,878,805,793,835,882MS,615.5,751.5,622,629.5,576,556,628,577.5,628.5,582,573,559.5,571,530,474.5,0,544.5,601,592,601.5,569.5,671,556,680,619,724,688,736,735,670,708.5,627,675,704,699,594,617,643.5,645,685.5,619.5,596,603,598,628,616,677,549,630,672.5,666,651,699,714.5,752,704,706,744,773,757.5,834.5,843.5,992,755,656,788,781.5,874.5,829,756.5,862.5,850,950,980,828,1026,929,986.5,1050,842,946.5,954,993MT,564,568,535,531,416,533,581,502.5,569,577,563,506.5,486,60,421,540,445,523.5,567,537.5,483,531,522,547,437,448.5,0,449.5,454,510,493,483,487,0,530.5,522,493,489.5,530,521.5,491,537,498,545.5,525,563.5,574,546,554,576,631,576,567,598,651,614,598.5,657,687,655.5,646.5,684,851,740.5,664.5,649,639,656,562,595,617,590.5,619.5,655,752,773,713,737,797,772,677,692,826.5NC,720,720,631,597,654,654,665.5,633.5,639,625,654,598,599,571,547,580.5,547,597.5,610,590.5,628,639,628,622,649,626,626,619,629,650,675,639,660,641,671,616.5,636,646,652,641.5,641,649,620,615,632,641,637,614,624,633,658,651,673,715,711,685,639,702,722,693.5,711,746,824,777.5,642,687.5,739,742,678,716,737,765,806,873,871,914.5,887.5,963.5,946,832,784,841.5,855ND,544,551,553,574,539,567,606,570,630,652.5,644.5,618,512,532.5,517,544,494,535.5,601,567.5,561,652.5,615.5,563.5,561,648,603,608,533,600,723,687,608,643,669,699,676,684,681,701.5,622.5,650,751,738,693,637.5,653,719.5,699.5,660.5,764,804.5,697,762,732,753,739.5,742,883,677.5,715.5,756,980,810,698.5,744,776,711,741,694,740,700,613.5,651,766,760.5,787,905,938.5,1031.5,921,909,1085NE,619,576,632.5,628,599,626,593.5,592,592,588,588,601,570,532,551,558,550,575,546,593,591.5,565,626,591,610,650,642.5,635,600,646.5,653.5,691,653,652,671,647,550.5,592.5,592,587,578,589,574.5,591,587,598,603,653,616,605,633,656.5,643,666.5,688,681,637,653,728,696,672,680,824,751,594,557,667,715.5,694,649.5,749,692,729,808,775.5,808,826,874,885,841.5,814,866,984.5NH,698,777,611,615.5,576.5,585.5,598,746,762,784.5,740,604,610,616.5,544.5,543,594.5,632,591.5,686,738,686,724.5,663.5,735,747.5,696,775,765,801.5,598.5,726,807,753,766,666,667.5,761,648,720,637,625,614,606,621.5,629,636,634.5,620,599,648.5,641,635.5,694.5,684,693,653,733.5,737,684,742.5,750,918,739,625,627,701,759,833,714,943,808,858,883,962,908,874,948,985,810,911,834.5,1104NJ,573,583,625,582,552,563,613,598,576.5,603,604,586,550.5,554,555,571,561,578,585,571.5,545,583,560,547,689,512,527,560.5,571,612,648,600,651,640,691,569,547,596,626,532,561,594,593,598,567,615,624,557,613,634.5,643,648,674,719,707,634,651,653,683,640,654,725,792,716.5,534,573.5,588,604,628,706,764,683,760,847.5,832,828,801,873,848,698.5,629,701,843NM,487,546.5,532.5,584,541,503,523,371,529,544,235.5,524.5,444,456,471,449.5,481,467,492,536,527,521,542,484,518.5,656,544,497,579,592,639.5,655,536,561,630.5,558,525.5,534,576.5,532,514,583,573,557,560,589.5,601,586,561,575,597.5,595,584,562,604,589,558.5,603,655,603,604,722,834,680.5,525,517,610.5,636,604,576.5,574,577,606,647,675.5,659.5,711.5,743,753,714,734.5,784,821NV,367,381,371,361,375,412,435,410,387,378,357,387,375.5,382,364,361,343,391,422.5,397.5,372.5,362,447,401,424,404,401,411,380,431.5,427,427,434.5,470,508,442,435,443,464,437,404,445,457,447,431,476,490.5,468,461,443,477,424.5,437,495,485,474,433,467,509.5,487,491,588,665,658.5,467,491,511,574.5,534,521,519,529,470,575,555,498,515,551,508,515.5,459,568,628NY,561,610,602,631,568,604,612,599,601,599,599,601,579,575,578,580,547,581,607.5,571,561,593,614,576,603,604,577,590,578,615,622,607,650.5,687,552,573,564,584,622,572,576.5,607,612,617.5,619,622,631,585.5,606,622,649,623,649,716,720,655,634.5,698.5,740,688.5,692,711.5,861,744,600,652.5,746,751,686.5,703.5,767,779,770,913,845,854,795,904,871,719,626.5,775.5,883OH,578,607.5,574,587,581.5,590,597,578,597,578,581,554,537,527,505,462,475,518,517,524,560,591,589,582,638,615.5,621,585,605,624,619,579,603,617,642,595,563,596,613,586,581,593,591,586,605,617,618,579,601,620,636,622,631,675,706,650,651,683,688,664,708,713,828,748.5,652,660,712,713,703.5,712,761,735,793,855.5,851,875.5,869.5,965.5,960,911,846,936,978OK,595,577,604.5,595.5,585,564.5,584,557.5,583,589,583,562,550,560,555,529,544,575.5,540,548,547.5,582,617,573,614,627,619.5,610,599.5,604.5,629.5,554,602,593,655,546,533.5,535,575,552,577.5,585,574,583,583.5,588,596,581,580.5,593,628.5,605,635,674.5,684,656,656,690,712,683,672,725.5,843.5,738,611,611,699,723.5,698,751,734,670,745,823.5,772,796.5,872.5,920,935,885,900,946.5,1043OR,341,301,369,357,397,401,460.5,403,377,362.5,395,350,249,199,174,342,367,336,348,345,374,365,318,327,284,376,345.5,442,269,467,380,417,428,436,447,413,435,425,441,417,416,453,464,459.5,442,455,475,446,443,443,418,432.5,488,517,496,451,406,454,435,402,424,475,486,410,412,383,399,420,409,429,426,402,394,476,465,448,541,561,546,466,454,528,538PA,604,628,620,606.5,595,631,620,618.5,627,604,601,589.5,581,568,563,565,558,577,606,566,587,604,608,594.5,619.5,600.5,588,578.5,598,620,612,599,601.5,624,654,628,602.5,655.5,655,612,640.5,644.5,648,636,614,625,632.5,606.5,619,622,638,629,635,680,673,651,629,664,664,638,652,706,785,717,672,706,740,732,723,754,775,774,818,889,889,899,881.5,980,979.5,872,857,915,928RI,628,688,728,666,628,671,688,729,706.5,686,724,637,580,647.5,633,611,581,651,666,670.5,730,769,682,712,644,638,680,671,650,701.5,803,717.5,711,694,708,664.5,648,600,748.5,690,669,646,625,662,640,676,682,636,628.5,657,669,697,662,751,783,702.5,635,796.5,769.5,753,802,783.5,1043,882,736,783,805,741,691.5,891,1015,947,922,1004,1017,1022,1060,1124.5,1114,1123,1171,1298,1219SC,648.5,695,568,558,643,602,584,593,718,737,579,593,21,0,30,496,615,604,594,651,738,786,657,643.5,621.5,639,673,621.5,722,618,580,667.5,672,647,677,650,620,635,609,607,629,635.5,633,636,626,647.5,659,617.5,615,639.5,647,654,680,710,738,702,706,746,748,755,753,826,897,727.5,709,678,754.5,761,773,756,805.5,826,823,844.5,866,1051.5,939.5,1023.5,1030,890,986,1009,1009.5SD,493,530,598,549,563,598,714,538.5,592,670.5,637.5,594,509,536,509,567,498,531,598,638,624,628,685,562,585,645,555.5,635,587,643,655.5,638,625,617,651,626,659,638.5,579.5,624,577.5,616,639,708,608,562,670,593,619.5,613,651.5,622.5,630,643,766,800.5,694,676,854.5,742.5,675,853,869.5,845,702,692,654,675,689,695,744.5,789,701,754,775,780,773,846.5,894,939,909,886,973TN,568,597,565,585,586,590,579,593.5,589.5,596.5,573,565.5,557,539,550,523,486.5,559.5,547,565,589,581,630,608,613,613,610,643,592,633,663,629,628,650,681,624,615,629.5,658,645,634.5,623,599.5,598.5,607,633,643,575,621,630,645,630,661,700,698.5,687,670,706.5,732,699,722,742,843,728,678.5,669,721,739,726,752,731,724.5,762,850,838,895,906,972,911,863,910,956,1044.5TX,536.5,547.5,500,554,546.5,550,552,553,594,559.5,538,557,525.5,530,498,532,533,567,470,459,527,569,558,544,602,568,557,588,574,595,612,572.5,596,584,624,578,521,523,527.5,515,558.5,550,552,549,589,586,588.5,572,574,597,619,593,626.5,651,648.5,618.5,597,634,658,619,653,692,751,702,586,577,584,611,635,653,682.5,668,775,738,727,784,772,847,849,763,784,856,918UT,476,447,447,463,473,479,479,382,409,449,470.5,440,288,341,326,0,166,307,333,305,317,329,412,418,496,504.5,493,488,504,483,497,457.5,466,498,485,350.5,381,447,464,447,447,463,488,493,478.5,492,525,462,487,493,537,506,517,554,560,529,542,577.5,620,592,574,633,643,643,575,569,590,620,593,606,617,627,656,705,659.5,638.5,643,796,774,722.5,680,710,801VA,632,632,632,635,611,637.5,634,634,641,648,635,622,584,583.5,585.5,583.5,556,622.5,613,576,555,576,598,609,640,611,592.5,643.5,663,663,657,695,673,687,675,670,641,685,701,666,674,661.5,665,695,668,661.5,675.5,634,668.5,675.5,684,664,676,720.5,731,709,758,820,825.5,778,774,845,944,839,677,681,766,820,758,809,838,861,866,973,941,978,894,1033,949,874,874,964.5,1025VT,685,761,734,665,609,601,628,736.5,687,788,831,720,653.5,654,575,641,585,636.5,776,599.5,719,665.5,899.5,697.5,731.5,670.5,597,740.5,652.5,600,541,646,603.5,769,675,711.5,524,577,627.5,657,631,641,633,630,632,659,639.5,673.5,636,664.5,685,662,696,821,721,738,739,724,801,762,845,864,868,850.5,616,660.5,710,838,756,763,826,780,895,1020.5,1062,768,904,1102,988,881,728,1045,940.5WA,302,302,366,352,375.5,357,362,361,301,304,361,365,373.5,373,355,355,368,365,377.5,398,372,350,321,381,368,359,359,408,369,372,380,407,409.5,424,425,405,424,458,458,437,413,452,457,478,450,446,444,434,457,469,477,476,522,541,491,461,424,457,441,393,430,445,499,452,410,385,381,399,401,423,419,400,428,471,457,466,509,553,532,459,436,469,522WI,584,581.5,551,590,586,595,601,605,598,595,601,578,566,536,565,579,529,549,551,568,553,585.5,635,571,605.5,645,617,639,588,645,672.5,615,616,643,701.5,614,641,645.5,668,625,621,653,650,650,642,642,651,594,656,643,682,654,680,720,743,700.5,700,715,742,704,726.5,733.5,800,726.5,659,669,681,696,672.5,652,684,695.5,693.5,791,852,807,819,880,908,825,876,879,975WV,772,753,690,652,752,650,813,625.5,721,794,714.5,628,709,570,666,660,548,603.5,651,623,665.5,735,742.5,567,771,699,610,771,709,636,736.5,668,668,659,615,581,547,650,631,589,500,637,624,597,639,631,637,620,660.5,609,640,663,637,661,652,664,654,744,759,716.5,894,827,807,799,753,685,797,781,667,838,781,734,798.5,912,933,918,933.5,1087,1079,940,998,1085,1043WY,315.5,537,674,715,0,573,626,268,581,696,0,586,555.5,580,564,673,529,509,437.5,630,509,0,743,775.5,544,517.5,851,864.5,629.5,391,1004.5,557.5,602,533,600.5,681.5,394,484,579,501,495,604,527,522,594,588,640,614,712,578,635,608,708.5,604,687,803,745,795,1078,812,814,799,1101,877,556,784,561,673,711,724,781,770.5,515,581,598.5,128.5,732.5,939,786,923,986,964.5,1110